species,accession
M. perniciosa,AF335590.1
M. perniciosa,AF490477.1
M. perniciosa,AF490478.1
M. perniciosa,AF490479.1
M. perniciosa,AF490480.1
M. perniciosa,AF490481.1
M. perniciosa,AF490482.1
M. perniciosa,AF490483.1
M. perniciosa,AF490484.1
M. perniciosa,AF490485.1
M. perniciosa,AF490486.1
M. perniciosa,AF490487.1
M. perniciosa,AF490488.1
M. perniciosa,AF490489.1
M. perniciosa,AF490490.1
M. perniciosa,AY176316.1
M. perniciosa,AY216468.1
M. perniciosa,AY216469.1
M. perniciosa,AY216470.1
M. perniciosa,AY216471.1
M. perniciosa,AY216472.1
M. perniciosa,AY317126.1
M. perniciosa,AY317127.1
M. perniciosa,AY317128.1
M. perniciosa,AY317129.1
M. perniciosa,AY317130.1
M. perniciosa,AY317131.1
M. perniciosa,AY317132.1
M. perniciosa,AY317133.1
M. perniciosa,AY317134.1
M. perniciosa,AY317135.1
M. perniciosa,AY317136.1
M. perniciosa,AY753996.1
M. perniciosa,AY916737.1
M. perniciosa,AY916738.1
M. perniciosa,AY916739.1
M. perniciosa,AY916742.1
M. perniciosa,AY916743.1
M. perniciosa,EU047929.1
M. perniciosa,EU047930.1
M. perniciosa,EU047931.1
M. perniciosa,EU047932.1
M. perniciosa,EU047933.1
M. perniciosa,EU047934.1
M. perniciosa,EU047935.1
M. perniciosa,EU047936.1
M. perniciosa,EU861393.1
M. perniciosa,GQ919080.1
M. perniciosa,GQ919081.1
M. perniciosa,GQ919082.1
M. perniciosa,GQ919083.1
M. perniciosa,GQ919084.1
M. perniciosa,GQ919085.1
M. perniciosa,GQ919086.1
M. perniciosa,GQ919087.1
M. perniciosa,GQ919088.1
M. perniciosa,GQ919089.1
M. perniciosa,GQ919090.1
M. perniciosa,GQ919091.1
M. perniciosa,GQ919092.1
M. perniciosa,GQ919093.1
M. perniciosa,GQ919094.1
M. perniciosa,GQ919095.1
M. perniciosa,GQ919096.1
M. perniciosa,GQ919097.1
M. perniciosa,GQ919098.1
M. perniciosa,GQ919099.1
M. perniciosa,GQ919100.1
M. perniciosa,GQ919101.1
M. perniciosa,GQ919102.1
M. perniciosa,GQ919103.1
M. perniciosa,GQ919104.1
M. perniciosa,GQ919105.1
M. perniciosa,GQ919106.1
M. perniciosa,GQ919107.1
M. perniciosa,GQ919108.1
M. perniciosa,GQ919109.1
M. perniciosa,GQ919110.1
M. perniciosa,GQ919111.1
M. perniciosa,GQ919112.1
M. perniciosa,GQ919113.1
M. perniciosa,GQ919114.1
M. perniciosa,GQ919115.1
M. perniciosa,GQ919116.1
M. perniciosa,GQ919117.1
M. perniciosa,GQ919118.1
M. perniciosa,GQ919119.1
M. perniciosa,GQ919120.1
M. perniciosa,GQ919121.1
M. perniciosa,GQ919122.1
M. perniciosa,GQ919123.1
M. perniciosa,GQ919124.1
M. perniciosa,GQ919125.1
M. perniciosa,GQ919126.1
M. perniciosa,GQ919127.1
M. perniciosa,GQ919128.1
M. perniciosa,GQ919129.1
M. perniciosa,GQ919130.1
M. perniciosa,GQ919131.1
M. perniciosa,GQ919132.1
M. perniciosa,GQ919133.1
M. perniciosa,GQ919134.1
M. perniciosa,GQ919135.1
M. perniciosa,GQ919136.1
M. perniciosa,GQ919137.1
M. perniciosa,GQ919138.1
M. perniciosa,GQ919139.1
M. perniciosa,GQ919140.1
M. perniciosa,GQ919141.1
M. perniciosa,GQ919142.1
M. perniciosa,GQ919143.1
M. perniciosa,GQ919144.1
M. perniciosa,GQ919145.1
M. perniciosa,GQ919146.1
M. perniciosa,GQ919147.1
M. perniciosa,GQ919148.1
M. perniciosa,GQ919149.1
M. perniciosa,GQ919150.1
M. perniciosa,GQ919151.1
M. perniciosa,KX913222.1
M. perniciosa,KX913223.1
M. perniciosa,KX913224.1
M. perniciosa,KX913225.1
M. perniciosa,KX913226.1
M. perniciosa,KX913227.1
M. perniciosa,KX913228.1
M. perniciosa,KX913229.1
M. perniciosa,KX913230.1
M. perniciosa,KX913231.1
M. perniciosa,KX913232.1
M. perniciosa,KX913233.1
M. perniciosa,KX913234.1
M. perniciosa,KX913235.1
M. perniciosa,KX913236.1
M. perniciosa,KX913237.1
M. perniciosa,KX913238.1
M. perniciosa,KX913239.1
M. perniciosa,KX913240.1
M. perniciosa,KX913241.1
M. perniciosa,KX913242.1
M. perniciosa,KX913243.1
M. perniciosa,KX913244.1
M. perniciosa,KX913245.1
M. perniciosa,KX913246.1
M. perniciosa,KX913247.1
M. perniciosa,KX913248.1
M. perniciosa,KX913249.1
M. perniciosa,KX913250.1
M. perniciosa,KX913251.1
M. perniciosa,KX913252.1
M. perniciosa,KX913253.1
M. perniciosa,KX913254.1
M. perniciosa,KX913255.1
M. perniciosa,KY081760.1
M. perniciosa,KY081761.1
M. perniciosa,KY081762.1
M. perniciosa,KY081763.1
M. perniciosa,KY081764.1
M. perniciosa,KY081765.1
M. perniciosa,KY081766.1
M. perniciosa,KY081767.1
M. perniciosa,KY081768.1
M. perniciosa,KY081769.1
M. perniciosa,KY081770.1
M. perniciosa,KY081771.1
M. perniciosa,MF495374.1
M. perniciosa,MG717342.1
M. perniciosa,MH856652.1
M. perniciosa,MH861049.1
M. perniciosa,MH868165.1
M. perniciosa,MH872817.1
M. perniciosa,MK785139.1
M. perniciosa,MK785140.1
M. perniciosa,MK785141.1
M. perniciosa,MK785142.1
M. perniciosa,MK785143.1
M. perniciosa,MK785144.1
M. perniciosa,MK785145.1
M. perniciosa,MK785146.1
M. perniciosa,MK785147.1
M. perniciosa,MK785148.1
M. perniciosa,MK785149.1
M. perniciosa,MK785150.1
M. perniciosa,MK785151.1
M. perniciosa,MK785152.1
M. perniciosa,MK785153.1
M. perniciosa,MK785154.1
M. perniciosa,MK785155.1
M. perniciosa,MK785156.1
M. perniciosa,MK785157.1
M. perniciosa,MK785158.1
M. perniciosa,MK785159.1
M. perniciosa,MK785160.1
M. perniciosa,MK785161.1
M. perniciosa,MK785162.1
M. perniciosa,MK785163.1
M. perniciosa,MK785236.1
M. perniciosa,MK785237.1
M. perniciosa,MK785238.1
M. perniciosa,MK785239.1
M. perniciosa,MK785240.1
M. perniciosa,MK785241.1
M. perniciosa,MK785242.1
M. perniciosa,MK785243.1
M. perniciosa,MK785244.1
M. perniciosa,MK785245.1
M. perniciosa,MK785246.1
M. perniciosa,MK785247.1
M. perniciosa,MK785248.1
M. perniciosa,MK785249.1
M. perniciosa,MK785250.1
M. perniciosa,MK785251.1
M. perniciosa,MK785252.1
M. perniciosa,MK785253.1
M. perniciosa,MK785254.1
M. perniciosa,OM056947.1
M. perniciosa,OM777731.1
M. perniciosa,OM777732.1
M. perniciosa,OM777742.1
M. perniciosa,ON692937.1
M. perniciosa,ON692938.1
M. perniciosa,ON692946.1
M. perniciosa,ON692947.1
M. perniciosa,ON692948.1
M. perniciosa,ON692949.1
M. perniciosa,ON692950.1
M. perniciosa,OP651765.1
M. perniciosa,OP937176.1
M. perniciosa,OP937177.1
M. perniciosa,OP937981.1
M. perniciosa,OP937982.1
M. perniciosa,OR225508.1
M. perniciosa,OR225509.1
M. perniciosa,OR225510.1
M. perniciosa,OR225511.1
M. perniciosa,OR225512.1
M. perniciosa,OR225513.1
M. perniciosa,OR225514.1
M. perniciosa,OR225515.1
M. perniciosa,OR228890.1
M. perniciosa,OR228891.1
M. perniciosa,OR228892.1
M. perniciosa,OR228893.1
M. perniciosa,OR228894.1
M. perniciosa,OR228895.1
M. perniciosa,OR228896.1
M. perniciosa,OR228897.1
M. perniciosa,OR228898.1
M. perniciosa,OR228899.1
M. perniciosa,OR228900.1
M. perniciosa,OR228901.1
M. perniciosa,OR228902.1
M. perniciosa,PP267399.1
M. perniciosa,PP267400.1
M. perniciosa,PP267401.1
M. perniciosa,PP267402.1
M. perniciosa,PP267403.1
M. perniciosa,PP267404.1
M. perniciosa,PP267405.1
M. perniciosa,PP267406.1
M. perniciosa,PP267407.1
M. perniciosa,PP267408.1
M. perniciosa,PP267409.1
M. perniciosa,PP267410.1
M. perniciosa,PP267411.1
M. perniciosa,PP267412.1
M. perniciosa,PP267413.1
M. perniciosa,PP267414.1
M. perniciosa,PP267415.1
M. perniciosa,PP267416.1
M. perniciosa,PP267417.1
M. perniciosa,PP267418.1
M. perniciosa,PP267419.1
M. perniciosa,PP267420.1
M. perniciosa,PP267421.1
M. perniciosa,PP267422.1
M. perniciosa,PP267423.1
M. perniciosa,PP267424.1
M. perniciosa,PP267425.1
M. perniciosa,PP267426.1
M. perniciosa,PP267427.1
M. perniciosa,PP267428.1
M. perniciosa,PP267429.1
M. perniciosa,PP267430.1
M. perniciosa,PP267431.1
M. perniciosa,PP267432.1
M. perniciosa,PP267433.1
M. perniciosa,PP267434.1
M. perniciosa,PP267435.1
M. perniciosa,PP267436.1
M. perniciosa,PP267437.1
M. perniciosa,PP267438.1
M. perniciosa,PP267439.1
M. perniciosa,PP267440.1
M. perniciosa,PP267441.1
M. perniciosa,PP267442.1
M. perniciosa,PP267459.1
M. perniciosa,PP267460.1
M. perniciosa,PP267461.1
M. perniciosa,PP267462.1
M. perniciosa,PP267463.1
M. perniciosa,PP267464.1
M. perniciosa,PP267465.1
M. perniciosa,PP267466.1
M. perniciosa,PP267467.1
M. perniciosa,PP267468.1
M. perniciosa,PP267469.1
M. perniciosa,PP267470.1
M. perniciosa,PP267471.1
M. perniciosa,PP267472.1
M. perniciosa,PP267473.1
M. perniciosa,PP267474.1
M. perniciosa,PP267475.1
M. perniciosa,PP267476.1
M. perniciosa,PP267477.1
M. perniciosa,PP267478.1
M. perniciosa,PP267479.1
M. perniciosa,PP267480.1
M. perniciosa,PP267481.1
M. perniciosa,PP267482.1
M. perniciosa,PP267483.1
M. perniciosa,PP267484.1
M. perniciosa,PP267485.1
M. perniciosa,PP267486.1
M. perniciosa,PP267487.1
M. perniciosa,PP267488.1
M. perniciosa,PP267489.1
M. perniciosa,PP267490.1
M. perniciosa,PP267491.1
M. perniciosa,PP267492.1
M. perniciosa,PP267493.1
M. perniciosa,PP267494.1
M. perniciosa,PP267495.1
M. perniciosa,PP267496.1
M. perniciosa,PP267497.1
M. perniciosa,PP267498.1
M. perniciosa,PP267499.1
M. perniciosa,PP267500.1
M. perniciosa,PP267501.1
M. perniciosa,PP267502.1
M. perniciosa,PP267507.1
M. perniciosa,PP267508.1
M. perniciosa,PP267509.1
M. perniciosa,PP267510.1
M. perniciosa,PP267511.1
M. perniciosa,PP267512.1
M. perniciosa,PP267513.1
M. perniciosa,PP267514.1
M. perniciosa,PP267515.1
M. perniciosa,PP267516.1
M. perniciosa,PP267517.1
M. perniciosa,PP267518.1
M. perniciosa,PP267519.1
M. perniciosa,PP267520.1
M. perniciosa,PP267521.1
M. perniciosa,PP267522.1
M. perniciosa,PP267523.1
M. perniciosa,PP267524.1
M. perniciosa,PP267525.1
M. perniciosa,PP267526.1
M. perniciosa,PP267527.1
M. perniciosa,PP267528.1
M. perniciosa,PP267529.1
M. perniciosa,PP267530.1
M. perniciosa,PP267531.1
M. perniciosa,PP267532.1
M. perniciosa,PP267533.1
M. perniciosa,PP267534.1
M. perniciosa,PP267535.1
M. perniciosa,PP267536.1
M. perniciosa,PP267537.1
M. perniciosa,PP267538.1
M. perniciosa,PP267539.1
M. perniciosa,PP267540.1
M. perniciosa,PP267541.1
M. perniciosa,PP267542.1
M. perniciosa,PP267543.1
M. perniciosa,PP267544.1
M. perniciosa,PP267545.1
M. perniciosa,PP267546.1
M. perniciosa,PP267547.1
M. perniciosa,PP267548.1
M. perniciosa,PP267549.1
M. perniciosa,PP267550.1
M. roreri,AWSO01000151.1
M. roreri,AY194150.1
M. roreri,AY230254.1
M. roreri,AY230255.1
M. roreri,AY916744.1
M. roreri,AY916745.1
M. roreri,AY916746.1
M. roreri,AY916749.1
M. roreri,AY916750.1
M. roreri,DQ222923.1
M. roreri,DQ222924.1
M. roreri,DQ222925.1
M. roreri,DQ222926.1
M. roreri,DQ222927.1
M. roreri,DQ222928.1
M. roreri,EU047937.1
M. roreri,GU108605.1
M. roreri,GU183375.1
M. roreri,GU183376.1
M. roreri,GU183377.1
M. roreri,GU457436.1
M. roreri,GU457437.1
M. roreri,GU457438.1
M. roreri,HQ231236.1
M. roreri,JF730693.1
M. roreri,JF769489.1
M. roreri,JN241966.1
M. roreri,JN241967.1
M. roreri,JX315272.1
M. roreri,JX315273.1
M. roreri,JX315274.1
M. roreri,JX315275.1
M. roreri,JX315276.1
M. roreri,JX315277.1
M. roreri,JX315278.1
M. roreri,JX315279.1
M. roreri,JX315280.1
M. roreri,JX315281.1
M. roreri,JX315282.1
M. roreri,JX315283.1
M. roreri,JX315284.1
M. roreri,JX315285.1
M. roreri,JX315286.1
M. roreri,JX315287.1
M. roreri,JX315288.1
M. roreri,JX515286.1
M. roreri,JX515287.1
M. roreri,JX515288.1
M. roreri,JX515289.1
M. roreri,JX515290.1
M. roreri,JX515291.1
M. roreri,JX515293.1
M. roreri,JX515294.1
M. roreri,JX515295.1
M. roreri,JX515296.1
M. roreri,JX515297.1
M. roreri,JX515298.1
M. roreri,KF640238.1
M. roreri,KF640239.1
M. roreri,KF640240.1
M. roreri,KF640241.1
M. roreri,KF640242.1
M. roreri,KF640243.1
M. roreri,KF640244.1
M. roreri,KF640245.1
M. roreri,KF640246.1
M. roreri,KM998972.1
M. roreri,KU674835.1
M. roreri,LATX02000046.1
M. roreri,MF139030.1
M. roreri,MF139031.1
M. roreri,MF139032.1
M. roreri,MF139033.1
M. roreri,MF139034.1
M. roreri,MG717343.1
M. roreri,MG717369.1
M. roreri,MH861050.1
M. roreri,MH861051.1
M. roreri,MH872818.1
M. roreri,MH872819.1
M. roreri,MK811385.1
M. roreri,MK811386.1
M. roreri,MT127258.1
M. roreri,MW898034.1
M. roreri,MW898035.1
M. roreri,MW898036.1
M. roreri,MW898037.1
M. roreri,MW898038.1
M. roreri,MW898039.1
M. roreri,MW898040.1
M. roreri,MW898041.1
M. roreri,MW898042.1
M. roreri,MW898043.1
M. roreri,MW898044.1
M. roreri,MW898045.1
M. roreri,MW898046.1
M. roreri,MW898047.1
M. roreri,MW898048.1
M. roreri,MW898049.1
M. roreri,MW898050.1
M. roreri,MW898051.1
M. roreri,MW898052.1
M. roreri,MW898053.1
M. roreri,MW898054.1
M. roreri,MW898055.1
M. roreri,MW898056.1
M. roreri,MW898057.1
M. roreri,MW898058.1
M. roreri,MW898059.1
M. roreri,MW898060.1
M. roreri,MW898061.1
M. roreri,MW898062.1
M. roreri,MW898063.1
M. roreri,MW898064.1
M. roreri,MW898065.1
M. roreri,MW898066.1
M. roreri,MW898067.1
M. roreri,MW898068.1
M. roreri,MW898069.1
M. roreri,MW898070.1
M. roreri,MW898071.1
M. roreri,MW898072.1
M. roreri,MW898073.1
M. roreri,MW898074.1
M. roreri,MW898075.1
M. roreri,MW898076.1
M. roreri,MW898077.1
M. roreri,MW898078.1
M. roreri,MW898079.1
M. roreri,MW898080.1
M. roreri,MW898081.1
M. roreri,MW898082.1
M. roreri,MW898083.1
M. roreri,MW898084.1
M. roreri,MW898085.1
M. roreri,MW898086.1
M. roreri,MW898087.1
M. roreri,MW898088.1
M. roreri,MW898089.1
M. roreri,MW898090.1
M. roreri,MW898091.1
M. roreri,MW898092.1
M. roreri,MW898093.1
M. roreri,MW898094.1
M. roreri,MW898095.1
M. roreri,MW898096.1
M. roreri,MW898097.1
M. roreri,MW898098.1
M. roreri,MW898099.1
M. roreri,MW898100.1
M. roreri,MW898101.1
M. roreri,MW898102.1
M. roreri,MW898103.1
M. roreri,MW898104.1
M. roreri,MW898105.1
M. roreri,MW898106.1
M. roreri,MW898107.1
M. roreri,MW898108.1
M. roreri,MW898109.1
M. roreri,MW898110.1
M. roreri,MW898111.1
M. roreri,OM056945.1
M. roreri,OM056946.1
M. roreri,OM777733.1
M. roreri,OM777734.1
M. roreri,OM777735.1
M. roreri,OM777736.1
M. roreri,OM777737.1
M. roreri,OM777738.1
M. roreri,OM777739.1
M. roreri,OM777740.1
M. roreri,OM777741.1
M. roreri,OM777743.1
M. roreri,OM777744.1
M. roreri,OM777745.1
M. roreri,OM777746.1
M. roreri,OM777747.1
M. roreri,OM777748.1
M. roreri,OM777749.1
M. roreri,OM777750.1
M. roreri,OM777751.1
M. roreri,OM777752.1
M. roreri,OM777753.1
M. roreri,OM777754.1
M. roreri,OM777755.1
M. roreri,OM777756.1
M. roreri,OM777757.1
M. roreri,OM777758.1
M. roreri,OM777759.1
M. roreri,OM777760.1
M. roreri,OP781654.1
M. roreri,OP781680.1
M. roreri,OP784767.1
M. roreri,OP784768.1
M. roreri,OP784769.1
M. roreri,OP784770.1
M. roreri,OP784771.1
M. roreri,OP784772.1
M. roreri,OP784773.1
M. roreri,OP784774.1
M. roreri,OP784775.1
M. roreri,OP784776.1
M. roreri,OP806971.1
M. roreri,OP807112.1
M. roreri,OP807173.1
M. roreri,OP820438.1
M. roreri,OP820439.1
M. roreri,OP820440.1
M. roreri,OP820441.1
M. roreri,OP820443.1
M. roreri,OR225507.1
M. roreri,OR228889.1
M. roreri,PP976973.1
M. roreri,PV081856.1
M. roreri,PV233880.1
M. roreri,PV577357.1
M. roreri,PV577358.1
M. roreri,PV577359.1
M. roreri,PV577360.1
M. roreri,PV577361.1
M. roreri,PV577362.1
M. roreri,PV577363.1
M. roreri,PV577364.1
M. roreri,PV577365.1
M. roreri,PV577366.1
M. roreri,PV577367.1
M. roreri,PV577368.1
M. roreri,PV577369.1
M. roreri,PV577370.1
M. roreri,PV577371.1
M. roreri,PV577372.1
M. roreri,PV577373.1
M. roreri,PV577374.1
M. roreri,PV577375.1
M. roreri,PV577376.1
M. roreri,PV577377.1
M. roreri,PV577378.1
M. roreri,PV577379.1
M. roreri,PV577380.1
M. roreri,PV577381.1
M. roreri,PV577382.1
M. roreri,PV577383.1
M. roreri,PV577384.1
M. roreri,PV577385.1
M. roreri,PV577386.1
M. roreri,PV577387.1
M. roreri,PV577388.1
M. roreri,PV577389.1
M. roreri,PV577390.1
M. roreri,PV577391.1
M. roreri,PV577392.1
M. roreri,PX612220.1
M. roreri,PZ345229.1
M. roreri,PZ345235.1
M. roreri,PZ346327.1
M. roreri,PZ346328.1
M. roreri,PZ346329.1
M. roreri,PZ349273.1
P. megakarya,AB367390.1
P. megakarya,AF266782.1
P. megakarya,AF467095.1
P. megakarya,AF467096.1
P. megakarya,AF467097.1
P. megakarya,AF467098.1
P. megakarya,AF467099.1
P. megakarya,AF467100.1
P. megakarya,AJ515920.1
P. megakarya,AJ517466.1
P. megakarya,EU079974.1
P. megakarya,EU079981.1
P. megakarya,EU079987.1
P. megakarya,FJ801781.1
P. megakarya,FJ802010.1
P. megakarya,FJ802011.1
P. megakarya,FJ802012.1
P. megakarya,GU259099.1
P. megakarya,GU993904.1
P. megakarya,HQ261356.1
P. megakarya,HQ261357.1
P. megakarya,HQ261358.1
P. megakarya,HQ261609.1
P. megakarya,HQ261610.1
P. megakarya,HQ261611.1
P. megakarya,JN635089.1
P. megakarya,JN635247.1
P. megakarya,JN635250.1
P. megakarya,JX315261.1
P. megakarya,JX315262.1
P. megakarya,JX315263.1
P. megakarya,JX315264.1
P. megakarya,JX315265.1
P. megakarya,JX315266.1
P. megakarya,KF317085.1
P. megakarya,KR818099.1
P. megakarya,KR818100.1
P. megakarya,KR818101.1
P. megakarya,KR818117.1
P. megakarya,KR818119.1
P. megakarya,KR818120.1
P. megakarya,KR818122.1
P. megakarya,KR818125.1
P. megakarya,KR818126.1
P. megakarya,KR818127.1
P. megakarya,KR818128.1
P. megakarya,KR818129.1
P. megakarya,KR818136.1
P. megakarya,KR818137.1
P. megakarya,KR818138.1
P. megakarya,KR818139.1
P. megakarya,KR818140.1
P. megakarya,KR818141.1
P. megakarya,KR818142.1
P. megakarya,KR818144.1
P. megakarya,KR818145.1
P. megakarya,KR818147.1
P. megakarya,KR818149.1
P. megakarya,KR818150.1
P. megakarya,KR818155.1
P. megakarya,KR818163.1
P. megakarya,KR818164.1
P. megakarya,KR818165.1
P. megakarya,KR818183.1
P. megakarya,KR818184.1
P. megakarya,KR818185.1
P. megakarya,KR818187.1
P. megakarya,KR818188.1
P. megakarya,KR818189.1
P. megakarya,KR818190.1
P. megakarya,KR818191.1
P. megakarya,KR818201.1
P. megakarya,KR818203.1
P. megakarya,KR818206.1
P. megakarya,KR818209.1
P. megakarya,KR818210.1
P. megakarya,KR818211.1
P. megakarya,KR818212.1
P. megakarya,KT183040.1
P. megakarya,KX251032.1
P. megakarya,KX251039.1
P. megakarya,KX251046.1
P. megakarya,LC595791.1
P. megakarya,MG865533.1
P. megakarya,MG865534.1
P. megakarya,MH401202.1
P. megakarya,MH401203.1
P. megakarya,MH401204.1
P. megakarya,MH620121.1
P. megakarya,MZ541057.1
P. megakarya,MZ541882.1
P. megakarya,NBNE01000143.1
P. megakarya,NBNE01003487.1
P. megakarya,PQ157645.1
P. megakarya,S40356.1
P. megakarya,S40358.1
P. palmivora,AB367357.1
P. palmivora,AB367358.1
P. palmivora,AB367359.1
P. palmivora,AB367360.1
P. palmivora,AB367361.1
P. palmivora,AB367500.1
P. palmivora,AB367514.1
P. palmivora,AB669142.1
P. palmivora,AB688395.1
P. palmivora,AB688396.1
P. palmivora,AB688397.1
P. palmivora,AB688398.1
P. palmivora,AB688399.1
P. palmivora,AB688400.1
P. palmivora,AB688401.1
P. palmivora,AB688402.1
P. palmivora,AB688403.1
P. palmivora,AB688415.1
P. palmivora,AB688416.1
P. palmivora,AB688549.1
P. palmivora,AB688550.1
P. palmivora,AB688551.1
P. palmivora,AB688552.1
P. palmivora,AB688553.1
P. palmivora,AB688554.1
P. palmivora,AB688555.1
P. palmivora,AB688556.1
P. palmivora,AB688557.1
P. palmivora,AB688558.1
P. palmivora,AB688559.1
P. palmivora,AB688560.1
P. palmivora,AB688561.1
P. palmivora,AB688562.1
P. palmivora,AB688563.1
P. palmivora,AB688580.1
P. palmivora,AB688581.1
P. palmivora,AB769175.1
P. palmivora,AF228087.1
P. palmivora,AF228088.1
P. palmivora,AF242782.1
P. palmivora,AF266780.1
P. palmivora,AF467088.1
P. palmivora,AF467089.1
P. palmivora,AF467090.1
P. palmivora,AF467091.1
P. palmivora,AF467092.1
P. palmivora,AF467093.1
P. palmivora,AF467094.1
P. palmivora,AJ517462.1
P. palmivora,AJ517463.1
P. palmivora,AJ517464.1
P. palmivora,AJ517465.1
P. palmivora,AM422704.1
P. palmivora,AY208126.1
P. palmivora,AY208127.2
P. palmivora,AY251647.1
P. palmivora,AY251648.1
P. palmivora,AY423300.1
P. palmivora,AY742734.1
P. palmivora,AY742745.1
P. palmivora,AY744948.1
P. palmivora,AY744949.1
P. palmivora,AY745750.1
P. palmivora,AY745751.1
P. palmivora,AY878546.1
P. palmivora,DQ087415.1
P. palmivora,DQ182740.1
P. palmivora,DQ182741.1
P. palmivora,DQ182742.1
P. palmivora,DQ182743.1
P. palmivora,DQ182744.1
P. palmivora,DQ182745.1
P. palmivora,DQ182746.1
P. palmivora,DQ182747.1
P. palmivora,DQ182748.1
P. palmivora,DQ182749.1
P. palmivora,DQ182750.1
P. palmivora,DQ182751.1
P. palmivora,DQ538511.1
P. palmivora,DQ538512.1
P. palmivora,DQ910798.1
P. palmivora,DQ987915.1
P. palmivora,DQ987916.1
P. palmivora,DQ987917.1
P. palmivora,DQ987918.1
P. palmivora,DQ987919.1
P. palmivora,DQ987920.1
P. palmivora,DQ987921.1
P. palmivora,DQ987922.1
P. palmivora,EU080343.1
P. palmivora,EU080469.1
P. palmivora,EU194438.1
P. palmivora,EU515173.1
P. palmivora,EU831280.1
P. palmivora,FJ527821.1
P. palmivora,FJ666090.1
P. palmivora,FJ746671.1
P. palmivora,FJ746672.1
P. palmivora,FJ801242.1
P. palmivora,FJ801246.1
P. palmivora,FJ801249.1
P. palmivora,FJ801252.1
P. palmivora,FJ801259.1
P. palmivora,FJ801316.1
P. palmivora,FJ801432.1
P. palmivora,FJ801433.1
P. palmivora,FJ801434.1
P. palmivora,FJ801519.1
P. palmivora,FJ801520.1
P. palmivora,FJ801544.1
P. palmivora,FJ801548.1
P. palmivora,FJ801576.1
P. palmivora,FJ801578.1
P. palmivora,FJ801628.1
P. palmivora,FJ801642.1
P. palmivora,FJ801918.1
P. palmivora,FJ801921.1
P. palmivora,FJ801962.1
P. palmivora,FJ801974.1
P. palmivora,FJ802105.1
P. palmivora,FJ865408.1
P. palmivora,GQ131800.1
P. palmivora,GQ398157.1
P. palmivora,GQ924478.1
P. palmivora,GU073390.1
P. palmivora,GU073391.1
P. palmivora,GU073393.1
P. palmivora,GU111646.1
P. palmivora,GU111647.1
P. palmivora,GU111648.1
P. palmivora,GU111649.1
P. palmivora,GU111650.1
P. palmivora,GU111651.1
P. palmivora,GU111652.1
P. palmivora,GU111653.1
P. palmivora,GU111654.1
P. palmivora,GU111655.1
P. palmivora,GU111656.1
P. palmivora,GU111657.1
P. palmivora,GU111658.1
P. palmivora,GU111659.1
P. palmivora,GU111660.1
P. palmivora,GU111661.1
P. palmivora,GU111662.1
P. palmivora,GU111663.1
P. palmivora,GU111664.1
P. palmivora,GU258599.1
P. palmivora,GU258851.1
P. palmivora,GU258861.1
P. palmivora,GU258862.1
P. palmivora,GU258863.1
P. palmivora,GU258864.1
P. palmivora,GU258865.1
P. palmivora,GU258866.1
P. palmivora,GU258942.1
P. palmivora,GU258944.1
P. palmivora,GU258946.1
P. palmivora,GU258947.1
P. palmivora,GU258948.1
P. palmivora,GU258950.1
P. palmivora,GU259018.1
P. palmivora,GU259121.1
P. palmivora,GU259165.1
P. palmivora,GU259334.1
P. palmivora,GU259469.1
P. palmivora,GU992938.1
P. palmivora,GU993909.1
P. palmivora,HM182101.1
P. palmivora,HM582093.1
P. palmivora,HM582094.1
P. palmivora,HM582095.1
P. palmivora,HM582096.1
P. palmivora,HQ013213.1
P. palmivora,HQ237477.1
P. palmivora,HQ237478.1
P. palmivora,HQ237479.1
P. palmivora,HQ237480.1
P. palmivora,HQ237481.1
P. palmivora,HQ261380.1
P. palmivora,HQ261381.1
P. palmivora,HQ261382.1
P. palmivora,HQ261383.1
P. palmivora,HQ261633.1
P. palmivora,HQ261634.1
P. palmivora,HQ261635.1
P. palmivora,HQ261636.1
P. palmivora,HQ446453.1
P. palmivora,HQ596556.1
P. palmivora,HQ596558.1
P. palmivora,HQ643305.1
P. palmivora,HQ643306.1
P. palmivora,HQ643307.1
P. palmivora,HQ643308.1
P. palmivora,HQ659668.1
P. palmivora,HQ665195.1
P. palmivora,HQ708355.1
P. palmivora,HQ708356.1
P. palmivora,HQ708357.1
P. palmivora,HQ708358.1
P. palmivora,JF278081.1
P. palmivora,JF777117.1
P. palmivora,JF792543.1
P. palmivora,JF792544.1
P. palmivora,JF792545.1
P. palmivora,JF792546.1
P. palmivora,JF792547.1
P. palmivora,JF792548.1
P. palmivora,JF799875.1
P. palmivora,JN559844.1
P. palmivora,JN559847.1
P. palmivora,JN592513.1
P. palmivora,JN592514.1
P. palmivora,JN618699.1
P. palmivora,JN618704.1
P. palmivora,JN618795.1
P. palmivora,JN618815.1
P. palmivora,JN635074.1
P. palmivora,JN635101.1
P. palmivora,JN635152.1
P. palmivora,JN635186.1
P. palmivora,JN635188.1
P. palmivora,JQ354937.1
P. palmivora,JQ446449.1
P. palmivora,JQ743200.1
P. palmivora,JQ743201.1
P. palmivora,JQ743202.1
P. palmivora,JX155789.1
P. palmivora,JX155790.1
P. palmivora,JX155791.1
P. palmivora,JX155792.1
P. palmivora,JX155794.1
P. palmivora,JX155795.1
P. palmivora,JX155796.1
P. palmivora,JX198553.1
P. palmivora,JX198555.1
P. palmivora,JX198558.1
P. palmivora,JX198559.1
P. palmivora,JX198560.1
P. palmivora,JX198562.1
P. palmivora,JX315267.1
P. palmivora,JX315268.1
P. palmivora,JX315269.1
P. palmivora,JX315270.1
P. palmivora,JX315271.1
P. palmivora,JX863409.1
P. palmivora,JX965378.1
P. palmivora,JX979198.1
P. palmivora,JX979199.1
P. palmivora,JX979200.1
P. palmivora,JX979201.1
P. palmivora,JX979202.1
P. palmivora,JX979203.1
P. palmivora,JX979204.1
P. palmivora,JX979205.1
P. palmivora,KC131229.1
P. palmivora,KC297105.1
P. palmivora,KC415911.1
P. palmivora,KC415912.1
P. palmivora,KC415913.1
P. palmivora,KC415914.1
P. palmivora,KC415915.1
P. palmivora,KC415916.1
P. palmivora,KC415917.1
P. palmivora,KC415918.1
P. palmivora,KC415919.1
P. palmivora,KC415920.1
P. palmivora,KC748462.1
P. palmivora,KF010299.1
P. palmivora,KF010306.1
P. palmivora,KF010307.1
P. palmivora,KF010308.1
P. palmivora,KF010309.1
P. palmivora,KF263691.1
P. palmivora,KF317086.1
P. palmivora,KF611668.1
P. palmivora,KF611669.1
P. palmivora,KF611670.1
P. palmivora,KF723832.1
P. palmivora,KF723833.1
P. palmivora,KF723834.1
P. palmivora,KF723835.1
P. palmivora,KF723836.1
P. palmivora,KF823978.1
P. palmivora,KF823979.2
P. palmivora,KF831193.1
P. palmivora,KF831194.1
P. palmivora,KF831195.1
P. palmivora,KF831196.1
P. palmivora,KF831197.1
P. palmivora,KJ144771.1
P. palmivora,KJ144772.1
P. palmivora,KJ144773.1
P. palmivora,KJ144774.1
P. palmivora,KJ144775.1
P. palmivora,KJ144776.1
P. palmivora,KJ144777.1
P. palmivora,KJ144778.1
P. palmivora,KJ144779.1
P. palmivora,KJ144780.1
P. palmivora,KJ144781.1
P. palmivora,KJ144782.1
P. palmivora,KJ144783.1
P. palmivora,KJ144784.1
P. palmivora,KJ144785.1
P. palmivora,KJ144786.1
P. palmivora,KJ144787.1
P. palmivora,KJ144788.1
P. palmivora,KJ144789.1
P. palmivora,KJ144790.1
P. palmivora,KJ144791.1
P. palmivora,KJ144792.1
P. palmivora,KJ144793.1
P. palmivora,KJ144794.1
P. palmivora,KJ144795.1
P. palmivora,KJ144796.1
P. palmivora,KJ144797.1
P. palmivora,KJ144798.1
P. palmivora,KJ144799.1
P. palmivora,KJ144800.1
P. palmivora,KJ144801.1
P. palmivora,KJ144802.1
P. palmivora,KJ144803.1
P. palmivora,KJ144804.1
P. palmivora,KJ144805.1
P. palmivora,KJ144806.1
P. palmivora,KJ144807.1
P. palmivora,KJ144808.1
P. palmivora,KJ144809.1
P. palmivora,KJ144810.1
P. palmivora,KJ144811.1
P. palmivora,KJ144812.1
P. palmivora,KJ144813.1
P. palmivora,KJ144814.1
P. palmivora,KJ755111.1
P. palmivora,KJ801810.1
P. palmivora,KM206279.1
P. palmivora,KM378659.1
P. palmivora,KM378660.1
P. palmivora,KM378661.1
P. palmivora,KM378662.1
P. palmivora,KM408100.1
P. palmivora,KM408101.1
P. palmivora,KM408102.1
P. palmivora,KM408103.1
P. palmivora,KM408104.1
P. palmivora,KM408105.1
P. palmivora,KM408106.1
P. palmivora,KM408107.1
P. palmivora,KM408108.1
P. palmivora,KM408109.1
P. palmivora,KP183963.1
P. palmivora,KP796405.1
P. palmivora,KP796406.1
P. palmivora,KP796407.1
P. palmivora,KP796408.1
P. palmivora,KP796409.1
P. palmivora,KP796410.1
P. palmivora,KP796411.1
P. palmivora,KP796412.1
P. palmivora,KP796413.1
P. palmivora,KP796414.1
P. palmivora,KP796415.1
P. palmivora,KP796416.1
P. palmivora,KP796417.1
P. palmivora,KP796418.1
P. palmivora,KP985656.1
P. palmivora,KP985657.1
P. palmivora,KP985658.1
P. palmivora,KP985659.1
P. palmivora,KR706030.1
P. palmivora,KR818094.1
P. palmivora,KR818095.1
P. palmivora,KR818096.1
P. palmivora,KR818097.1
P. palmivora,KR818098.1
P. palmivora,KR818102.1
P. palmivora,KR818103.1
P. palmivora,KR818104.1
P. palmivora,KR818105.1
P. palmivora,KR818106.1
P. palmivora,KR818107.1
P. palmivora,KR818108.1
P. palmivora,KR818109.1
P. palmivora,KR818110.1
P. palmivora,KR818111.1
P. palmivora,KR818112.1
P. palmivora,KR818113.1
P. palmivora,KR818114.1
P. palmivora,KR818115.1
P. palmivora,KR818116.1
P. palmivora,KR818118.1
P. palmivora,KR818121.1
P. palmivora,KR818123.1
P. palmivora,KR818124.1
P. palmivora,KR818130.1
P. palmivora,KR818131.1
P. palmivora,KR818132.1
P. palmivora,KR818133.1
P. palmivora,KR818134.1
P. palmivora,KR818135.1
P. palmivora,KR818143.1
P. palmivora,KR818146.1
P. palmivora,KR818148.1
P. palmivora,KR818151.1
P. palmivora,KR818152.1
P. palmivora,KR818153.1
P. palmivora,KR818154.1
P. palmivora,KR818156.1
P. palmivora,KR818157.1
P. palmivora,KR818158.1
P. palmivora,KR818159.1
P. palmivora,KR818160.1
P. palmivora,KR818161.1
P. palmivora,KR818162.1
P. palmivora,KR818166.1
P. palmivora,KR818167.1
P. palmivora,KR818168.1
P. palmivora,KR818169.1
P. palmivora,KR818170.1
P. palmivora,KR818171.1
P. palmivora,KR818172.1
P. palmivora,KR818173.1
P. palmivora,KR818174.1
P. palmivora,KR818175.1
P. palmivora,KR818176.1
P. palmivora,KR818177.1
P. palmivora,KR818178.1
P. palmivora,KR818179.1
P. palmivora,KR818180.1
P. palmivora,KR818181.1
P. palmivora,KR818182.1
P. palmivora,KR818186.1
P. palmivora,KR818194.1
P. palmivora,KR818195.1
P. palmivora,KR818196.1
P. palmivora,KR818197.1
P. palmivora,KR818198.1
P. palmivora,KR818199.1
P. palmivora,KR818200.1
P. palmivora,KR818202.1
P. palmivora,KR818204.1
P. palmivora,KR818205.1
P. palmivora,KR818207.1
P. palmivora,KR818208.1
P. palmivora,KR920754.2
P. palmivora,KR920755.2
P. palmivora,KR920756.2
P. palmivora,KR920757.2
P. palmivora,KR920758.2
P. palmivora,KR920759.3
P. palmivora,KR920760.3
P. palmivora,KR920761.3
P. palmivora,KR920762.3
P. palmivora,KR920763.3
P. palmivora,KR920764.3
P. palmivora,KT004426.1
P. palmivora,KT148920.1
P. palmivora,KT148921.1
P. palmivora,KT148922.1
P. palmivora,KT148923.1
P. palmivora,KT148924.1
P. palmivora,KT148925.1
P. palmivora,KT148926.1
P. palmivora,KT148927.1
P. palmivora,KT148928.1
P. palmivora,KT148929.1
P. palmivora,KT148930.1
P. palmivora,KT148931.1
P. palmivora,KT148932.1
P. palmivora,KT175509.1
P. palmivora,KU170143.1
P. palmivora,KU170144.1
P. palmivora,KU170145.1
P. palmivora,KU172527.1
P. palmivora,KU172528.1
P. palmivora,KU172529.1
P. palmivora,KU172530.1
P. palmivora,KU172531.1
P. palmivora,KU172532.1
P. palmivora,KU308387.1
P. palmivora,KU308388.1
P. palmivora,KU308389.1
P. palmivora,KU308390.1
P. palmivora,KU308391.1
P. palmivora,KU308392.1
P. palmivora,KU645763.1
P. palmivora,KU682577.1
P. palmivora,KU863552.1
P. palmivora,KU877819.1
P. palmivora,KX251053.1
P. palmivora,KX251060.1
P. palmivora,KX881552.1
P. palmivora,KX881553.1
P. palmivora,KX881554.1
P. palmivora,KX881559.1
P. palmivora,KX881570.1
P. palmivora,KX881571.1
P. palmivora,KX881573.1
P. palmivora,KX881574.1
P. palmivora,KX881575.1
P. palmivora,KX881576.1
P. palmivora,KY197718.1
P. palmivora,KY197719.1
P. palmivora,KY197720.1
P. palmivora,KY197721.1
P. palmivora,KY197722.1
P. palmivora,KY197723.1
P. palmivora,KY242491.1
P. palmivora,KY357520.1
P. palmivora,KY357521.1
P. palmivora,KY447326.1
P. palmivora,KY475615.1
P. palmivora,KY475616.1
P. palmivora,KY475617.1
P. palmivora,KY475618.1
P. palmivora,KY475619.1
P. palmivora,KY475620.1
P. palmivora,KY475621.1
P. palmivora,KY475622.1
P. palmivora,KY475623.1
P. palmivora,KY475624.1
P. palmivora,KY475625.1
P. palmivora,KY475626.1
P. palmivora,KY475627.1
P. palmivora,KY475628.1
P. palmivora,KY475629.1
P. palmivora,KY475630.1
P. palmivora,KY475631.1
P. palmivora,KY475632.1
P. palmivora,KY475633.1
P. palmivora,KY475634.1
P. palmivora,KY938844.1
P. palmivora,KY938846.1
P. palmivora,KY938847.1
P. palmivora,KY938858.1
P. palmivora,KY938859.1
P. palmivora,L41384.1
P. palmivora,LC510501.1
P. palmivora,LC510502.1
P. palmivora,LC510503.1
P. palmivora,LC510504.1
P. palmivora,LC510505.1
P. palmivora,LC510506.1
P. palmivora,LC510507.1
P. palmivora,LC510508.1
P. palmivora,LC510509.1
P. palmivora,LC510510.1
P. palmivora,LC510511.1
P. palmivora,LC510512.1
P. palmivora,LC510513.1
P. palmivora,LC510514.1
P. palmivora,LC510515.1
P. palmivora,LC684540.1
P. palmivora,LC684557.1
P. palmivora,LC684558.1
P. palmivora,MF001288.1
P. palmivora,MF326895.1
P. palmivora,MF370562.1
P. palmivora,MF370563.1
P. palmivora,MF370564.1
P. palmivora,MF370565.1
P. palmivora,MF370566.1
P. palmivora,MF370567.1
P. palmivora,MF370568.1
P. palmivora,MF370569.1
P. palmivora,MF370570.1
P. palmivora,MF370571.1
P. palmivora,MF370572.1
P. palmivora,MF370573.1
P. palmivora,MF580968.1
P. palmivora,MF992173.1
P. palmivora,MG200087.1
P. palmivora,MG200088.1
P. palmivora,MG200089.1
P. palmivora,MG200090.1
P. palmivora,MG200091.1
P. palmivora,MG200092.1
P. palmivora,MG200093.1
P. palmivora,MG200094.1
P. palmivora,MG200095.1
P. palmivora,MG200096.1
P. palmivora,MG200097.1
P. palmivora,MG200098.1
P. palmivora,MG200099.1
P. palmivora,MG200100.1
P. palmivora,MG200101.1
P. palmivora,MG200102.1
P. palmivora,MG200103.1
P. palmivora,MG200104.1
P. palmivora,MG200105.1
P. palmivora,MG200106.1
P. palmivora,MG200107.1
P. palmivora,MG200108.1
P. palmivora,MG200109.1
P. palmivora,MG200110.1
P. palmivora,MG200111.1
P. palmivora,MG200112.1
P. palmivora,MG200113.1
P. palmivora,MG200114.1
P. palmivora,MG200115.1
P. palmivora,MG200116.1
P. palmivora,MG200117.1
P. palmivora,MG200118.1
P. palmivora,MG200119.1
P. palmivora,MG200120.1
P. palmivora,MG200121.1
P. palmivora,MG200122.1
P. palmivora,MG208126.1
P. palmivora,MG208127.1
P. palmivora,MG208128.1
P. palmivora,MG208129.1
P. palmivora,MG208130.1
P. palmivora,MG208131.1
P. palmivora,MG214543.1
P. palmivora,MG255148.1
P. palmivora,MG434772.1
P. palmivora,MG707841.1
P. palmivora,MG823386.1
P. palmivora,MG823387.1
P. palmivora,MG865559.1
P. palmivora,MG865560.1
P. palmivora,MG865561.1
P. palmivora,MG956799.1
P. palmivora,MH219823.1
P. palmivora,MH219824.1
P. palmivora,MH219826.1
P. palmivora,MH219829.1
P. palmivora,MH219837.1
P. palmivora,MH219838.1
P. palmivora,MH219839.1
P. palmivora,MH219844.1
P. palmivora,MH219849.1
P. palmivora,MH219851.1
P. palmivora,MH219852.1
P. palmivora,MH219857.1
P. palmivora,MH219858.1
P. palmivora,MH219863.1
P. palmivora,MH219866.1
P. palmivora,MH219867.1
P. palmivora,MH219868.1
P. palmivora,MH219876.1
P. palmivora,MH219879.1
P. palmivora,MH219896.1
P. palmivora,MH219904.1
P. palmivora,MH219908.1
P. palmivora,MH219909.1
P. palmivora,MH219911.1
P. palmivora,MH219915.1
P. palmivora,MH219916.1
P. palmivora,MH259877.1
P. palmivora,MH319103.1
P. palmivora,MH319104.1
P. palmivora,MH319105.1
P. palmivora,MH319106.1
P. palmivora,MH319107.1
P. palmivora,MH319108.1
P. palmivora,MH319109.1
P. palmivora,MH319110.1
P. palmivora,MH401198.1
P. palmivora,MH401199.1
P. palmivora,MH401200.1
P. palmivora,MH401201.1
P. palmivora,MH749467.1
P. palmivora,MH778536.1
P. palmivora,MH778537.1
P. palmivora,MH807778.1
P. palmivora,MH936023.1
P. palmivora,MK500842.1
P. palmivora,MK932672.1
P. palmivora,MK932673.1
P. palmivora,MN038150.1
P. palmivora,MN038153.1
P. palmivora,MN696999.1
P. palmivora,MN698238.1
P. palmivora,MN750010.1
P. palmivora,MN750011.1
P. palmivora,MN750012.1
P. palmivora,MN750013.1
P. palmivora,MN750014.1
P. palmivora,MN750015.1
P. palmivora,MN831449.1
P. palmivora,MN831450.1
P. palmivora,MN831451.1
P. palmivora,MN831452.1
P. palmivora,MN831453.1
P. palmivora,MN831454.1
P. palmivora,MN831455.1
P. palmivora,MN833034.1
P. palmivora,MT052675.1
P. palmivora,MT074267.1
P. palmivora,MT074268.1
P. palmivora,MT074269.1
P. palmivora,MT074270.1
P. palmivora,MT113313.1
P. palmivora,MT232400.1
P. palmivora,MT232401.1
P. palmivora,MT232402.1
P. palmivora,MT232403.1
P. palmivora,MT232404.1
P. palmivora,MT232405.1
P. palmivora,MT232406.1
P. palmivora,MT232407.1
P. palmivora,MT350323.1
P. palmivora,MT611227.1
P. palmivora,MT644188.1
P. palmivora,MT754399.1
P. palmivora,MT754400.1
P. palmivora,MT754401.1
P. palmivora,MT754402.1
P. palmivora,MT754403.1
P. palmivora,MT754404.1
P. palmivora,MT754405.1
P. palmivora,MT754406.1
P. palmivora,MT754407.1
P. palmivora,MT754408.1
P. palmivora,MT754409.1
P. palmivora,MT754410.1
P. palmivora,MT754411.1
P. palmivora,MT754412.1
P. palmivora,MT754413.1
P. palmivora,MT754414.1
P. palmivora,MT754415.1
P. palmivora,MT754416.1
P. palmivora,MT754417.1
P. palmivora,MT754418.1
P. palmivora,MT754422.1
P. palmivora,MT754423.1
P. palmivora,MT754424.1
P. palmivora,MT754425.1
P. palmivora,MT754426.1
P. palmivora,MT754427.1
P. palmivora,MT754428.1
P. palmivora,MT754429.1
P. palmivora,MT754430.1
P. palmivora,MT754431.1
P. palmivora,MT754433.1
P. palmivora,MT754434.1
P. palmivora,MT754437.1
P. palmivora,MT754470.1
P. palmivora,MT754471.1
P. palmivora,MT754472.1
P. palmivora,MT754473.1
P. palmivora,MT754474.1
P. palmivora,MT754475.1
P. palmivora,MT754476.1
P. palmivora,MT754477.1
P. palmivora,MT754479.1
P. palmivora,MT754480.1
P. palmivora,MT754481.1
P. palmivora,MT754482.1
P. palmivora,MT754485.1
P. palmivora,MT754486.1
P. palmivora,MT754490.1
P. palmivora,MT754491.1
P. palmivora,MT754493.1
P. palmivora,MT754504.1
P. palmivora,MT754510.1
P. palmivora,MT754512.1
P. palmivora,MT754514.1
P. palmivora,MT754517.1
P. palmivora,MT754518.1
P. palmivora,MT754519.1
P. palmivora,MT754520.1
P. palmivora,MT754521.1
P. palmivora,MT754522.1
P. palmivora,MT754523.1
P. palmivora,MT754524.1
P. palmivora,MT754525.1
P. palmivora,MT754526.1
P. palmivora,MT754527.1
P. palmivora,MT754528.1
P. palmivora,MT754529.1
P. palmivora,MT754530.1
P. palmivora,MT754531.1
P. palmivora,MT754532.1
P. palmivora,MT754533.1
P. palmivora,MT754536.1
P. palmivora,MT754537.1
P. palmivora,MT754538.1
P. palmivora,MT754539.1
P. palmivora,MT754540.1
P. palmivora,MT754541.1
P. palmivora,MT754542.1
P. palmivora,MT754543.1
P. palmivora,MT754545.1
P. palmivora,MT816501.1
P. palmivora,MW314330.1
P. palmivora,MW314331.1
P. palmivora,MW314332.1
P. palmivora,MW466774.1
P. palmivora,MW466775.1
P. palmivora,MW466776.1
P. palmivora,MW466777.1
P. palmivora,MW466778.1
P. palmivora,MW466779.1
P. palmivora,MW597331.1
P. palmivora,MW597333.1
P. palmivora,MW597336.1
P. palmivora,MW959917.1
P. palmivora,MZ267152.1
P. palmivora,MZ267153.1
P. palmivora,MZ267154.1
P. palmivora,MZ267155.1
P. palmivora,MZ267156.1
P. palmivora,MZ267157.1
P. palmivora,MZ267158.1
P. palmivora,MZ267159.1
P. palmivora,MZ267160.1
P. palmivora,MZ267161.1
P. palmivora,MZ267162.1
P. palmivora,MZ267163.1
P. palmivora,MZ267164.1
P. palmivora,MZ267165.1
P. palmivora,MZ267166.1
P. palmivora,MZ267167.1
P. palmivora,MZ267168.1
P. palmivora,MZ267169.1
P. palmivora,MZ267170.1
P. palmivora,MZ267171.1
P. palmivora,MZ267172.1
P. palmivora,MZ267173.1
P. palmivora,MZ267174.1
P. palmivora,MZ267175.1
P. palmivora,MZ267176.1
P. palmivora,MZ267177.1
P. palmivora,MZ267178.1
P. palmivora,MZ267179.1
P. palmivora,MZ267180.1
P. palmivora,MZ267181.1
P. palmivora,MZ267182.1
P. palmivora,MZ267183.1
P. palmivora,MZ267184.1
P. palmivora,MZ267185.1
P. palmivora,MZ267186.1
P. palmivora,MZ267187.1
P. palmivora,MZ267188.1
P. palmivora,MZ267189.1
P. palmivora,MZ267190.1
P. palmivora,MZ267191.1
P. palmivora,MZ267192.1
P. palmivora,MZ267193.1
P. palmivora,MZ267194.1
P. palmivora,MZ267195.1
P. palmivora,MZ267196.1
P. palmivora,MZ267197.1
P. palmivora,MZ267198.1
P. palmivora,MZ267199.1
P. palmivora,MZ267200.1
P. palmivora,MZ267201.1
P. palmivora,MZ267202.1
P. palmivora,MZ267203.1
P. palmivora,MZ267204.1
P. palmivora,MZ267205.1
P. palmivora,MZ267206.1
P. palmivora,MZ267207.1
P. palmivora,MZ267208.1
P. palmivora,MZ267209.1
P. palmivora,MZ267210.1
P. palmivora,MZ267211.1
P. palmivora,MZ267212.1
P. palmivora,MZ267213.1
P. palmivora,MZ267214.1
P. palmivora,MZ267215.1
P. palmivora,MZ267216.1
P. palmivora,MZ267217.1
P. palmivora,MZ267218.1
P. palmivora,MZ541892.1
P. palmivora,MZ831236.1
P. palmivora,MZ831237.1
P. palmivora,MZ831238.1
P. palmivora,MZ831239.1
P. palmivora,MZ831240.1
P. palmivora,MZ831241.1
P. palmivora,MZ831242.1
P. palmivora,MZ831243.1
P. palmivora,MZ831244.1
P. palmivora,MZ831245.1
P. palmivora,MZ831246.1
P. palmivora,MZ831247.1
P. palmivora,MZ831248.1
P. palmivora,MZ831249.1
P. palmivora,MZ831250.1
P. palmivora,MZ831251.1
P. palmivora,MZ831252.1
P. palmivora,MZ831253.1
P. palmivora,MZ831254.1
P. palmivora,MZ831255.1
P. palmivora,MZ831256.1
P. palmivora,MZ831257.1
P. palmivora,MZ831258.1
P. palmivora,MZ831259.1
P. palmivora,MZ831260.1
P. palmivora,MZ831261.1
P. palmivora,MZ831262.1
P. palmivora,MZ831263.1
P. palmivora,MZ831264.1
P. palmivora,MZ831265.1
P. palmivora,MZ831266.1
P. palmivora,MZ831267.1
P. palmivora,MZ831269.1
P. palmivora,MZ831270.1
P. palmivora,MZ831271.1
P. palmivora,MZ831272.1
P. palmivora,MZ831273.1
P. palmivora,MZ831274.1
P. palmivora,MZ831275.1
P. palmivora,MZ831276.1
P. palmivora,MZ831277.1
P. palmivora,MZ831278.1
P. palmivora,MZ831279.1
P. palmivora,MZ831280.1
P. palmivora,MZ831281.1
P. palmivora,MZ831282.1
P. palmivora,MZ831283.1
P. palmivora,MZ831284.1
P. palmivora,MZ831285.1
P. palmivora,MZ831286.1
P. palmivora,MZ831287.1
P. palmivora,MZ831288.1
P. palmivora,MZ831289.1
P. palmivora,MZ831290.1
P. palmivora,MZ922021.1
P. palmivora,MZ922026.1
P. palmivora,NCKW01020420.1
P. palmivora,OK298398.1
P. palmivora,OK349485.1
P. palmivora,OK463586.1
P. palmivora,OK463587.1
P. palmivora,OK463588.1
P. palmivora,OK463600.1
P. palmivora,OK463601.1
P. palmivora,OK463602.1
P. palmivora,OK463603.1
P. palmivora,OK463604.1
P. palmivora,OK463605.1
P. palmivora,OK463606.1
P. palmivora,OK463607.1
P. palmivora,OK463608.1
P. palmivora,OK463609.1
P. palmivora,OK463610.1
P. palmivora,OK463611.1
P. palmivora,OK463612.1
P. palmivora,OK463613.1
P. palmivora,OK463614.1
P. palmivora,OK463615.1
P. palmivora,OK463616.1
P. palmivora,OK463617.1
P. palmivora,OK463618.1
P. palmivora,OK463619.1
P. palmivora,OL616293.1
P. palmivora,ON834411.1
P. palmivora,ON834412.1
P. palmivora,ON834413.1
P. palmivora,ON834414.1
P. palmivora,ON834415.1
P. palmivora,ON834416.1
P. palmivora,ON834417.1
P. palmivora,ON834418.1
P. palmivora,ON834419.1
P. palmivora,ON834420.1
P. palmivora,ON834421.1
P. palmivora,ON834422.1
P. palmivora,ON834423.1
P. palmivora,ON834424.1
P. palmivora,ON834425.1
P. palmivora,ON834426.1
P. palmivora,ON834427.1
P. palmivora,ON834428.1
P. palmivora,ON834429.1
P. palmivora,ON834430.1
P. palmivora,ON834431.1
P. palmivora,ON834432.1
P. palmivora,ON834433.1
P. palmivora,ON834434.1
P. palmivora,ON834435.1
P. palmivora,ON834436.1
P. palmivora,ON834437.1
P. palmivora,ON834438.1
P. palmivora,ON834439.1
P. palmivora,ON834440.1
P. palmivora,ON834441.1
P. palmivora,ON834442.1
P. palmivora,ON834443.1
P. palmivora,ON834444.1
P. palmivora,ON834445.1
P. palmivora,ON834446.1
P. palmivora,ON834447.1
P. palmivora,ON834448.1
P. palmivora,ON834449.1
P. palmivora,ON834450.1
P. palmivora,ON870901.1
P. palmivora,OP558551.1
P. palmivora,OP558552.1
P. palmivora,OP558553.1
P. palmivora,OP558554.1
P. palmivora,OP558555.1
P. palmivora,OP558556.1
P. palmivora,OP558557.1
P. palmivora,OP558558.1
P. palmivora,OP558559.1
P. palmivora,OP558560.1
P. palmivora,OP558561.1
P. palmivora,OP558562.1
P. palmivora,OP558563.1
P. palmivora,OP558564.1
P. palmivora,OP558565.1
P. palmivora,OP558566.1
P. palmivora,OP558567.1
P. palmivora,OP558568.1
P. palmivora,OP558569.1
P. palmivora,OP558570.1
P. palmivora,OP558571.1
P. palmivora,OP647123.1
P. palmivora,OP647124.1
P. palmivora,OP765505.1
P. palmivora,OP765506.1
P. palmivora,OQ253531.1
P. palmivora,OQ253532.1
P. palmivora,OQ341675.1
P. palmivora,OQ341676.1
P. palmivora,OQ341677.1
P. palmivora,OQ341678.1
P. palmivora,OQ341679.1
P. palmivora,OQ341680.1
P. palmivora,OQ341681.1
P. palmivora,OQ341682.1
P. palmivora,OQ341683.1
P. palmivora,OQ341684.1
P. palmivora,OQ341685.1
P. palmivora,OQ341686.1
P. palmivora,OQ341687.1
P. palmivora,OQ341688.1
P. palmivora,OQ341689.1
P. palmivora,OQ341690.1
P. palmivora,OQ341691.1
P. palmivora,OQ341692.1
P. palmivora,OQ341693.1
P. palmivora,OQ341694.1
P. palmivora,OQ341695.1
P. palmivora,OQ341696.1
P. palmivora,OQ341697.1
P. palmivora,OQ341698.1
P. palmivora,OQ341699.1
P. palmivora,OQ341700.1
P. palmivora,OQ341701.1
P. palmivora,OQ341702.1
P. palmivora,OQ341703.1
P. palmivora,OQ341704.1
P. palmivora,OQ341705.1
P. palmivora,OQ341706.1
P. palmivora,OQ341707.1
P. palmivora,OQ341708.1
P. palmivora,OQ341709.1
P. palmivora,OQ341710.1
P. palmivora,OQ341711.1
P. palmivora,OQ341712.1
P. palmivora,OQ341713.1
P. palmivora,OQ341714.1
P. palmivora,OQ341715.1
P. palmivora,OQ341716.1
P. palmivora,OQ341717.1
P. palmivora,OQ341718.1
P. palmivora,OQ341719.1
P. palmivora,OQ341720.1
P. palmivora,OQ341721.1
P. palmivora,OQ341722.1
P. palmivora,OQ341723.1
P. palmivora,OQ341724.1
P. palmivora,OQ341725.1
P. palmivora,OQ341726.1
P. palmivora,OQ341727.1
P. palmivora,OQ341728.1
P. palmivora,OQ341729.1
P. palmivora,OQ341730.1
P. palmivora,OQ341731.1
P. palmivora,OQ341732.1
P. palmivora,OQ341733.1
P. palmivora,OQ341734.1
P. palmivora,OQ341735.1
P. palmivora,OQ341736.1
P. palmivora,OQ341737.1
P. palmivora,OQ341738.1
P. palmivora,OQ341739.1
P. palmivora,OQ341740.1
P. palmivora,OQ341741.1
P. palmivora,OQ341742.1
P. palmivora,OQ341743.1
P. palmivora,OQ341744.1
P. palmivora,OQ341745.1
P. palmivora,OQ341746.1
P. palmivora,OQ341747.1
P. palmivora,OQ341748.1
P. palmivora,OQ341749.1
P. palmivora,OQ341750.1
P. palmivora,OQ341751.1
P. palmivora,OQ341752.1
P. palmivora,OQ341753.1
P. palmivora,OQ341754.1
P. palmivora,OQ341755.1
P. palmivora,OQ341756.1
P. palmivora,OQ341757.1
P. palmivora,OQ341758.1
P. palmivora,OQ341759.1
P. palmivora,OQ341760.1
P. palmivora,OQ341761.1
P. palmivora,OQ341762.1
P. palmivora,OQ341763.1
P. palmivora,OQ341764.1
P. palmivora,OQ341765.1
P. palmivora,OQ341766.1
P. palmivora,OQ341767.1
P. palmivora,OQ341768.1
P. palmivora,OQ341769.1
P. palmivora,OQ341770.1
P. palmivora,OQ341771.1
P. palmivora,OQ341772.1
P. palmivora,OQ341773.1
P. palmivora,OQ341774.1
P. palmivora,OQ341775.1
P. palmivora,OQ341776.1
P. palmivora,OQ341777.1
P. palmivora,OQ341778.1
P. palmivora,OQ341779.1
P. palmivora,OQ341780.1
P. palmivora,OQ341781.1
P. palmivora,OQ341782.1
P. palmivora,OQ341783.1
P. palmivora,OQ341784.1
P. palmivora,OQ341785.1
P. palmivora,OQ341786.1
P. palmivora,OQ341787.1
P. palmivora,OQ341788.1
P. palmivora,OQ341789.1
P. palmivora,OQ341790.1
P. palmivora,OQ341791.1
P. palmivora,OQ341792.1
P. palmivora,OQ341793.1
P. palmivora,OQ341794.1
P. palmivora,OQ449628.1
P. palmivora,OQ651224.1
P. palmivora,OQ693683.1
P. palmivora,OQ832696.1
P. palmivora,OQ980243.1
P. palmivora,OQ998970.1
P. palmivora,OQ998976.1
P. palmivora,OR001954.1
P. palmivora,OR002047.1
P. palmivora,OR051660.1
P. palmivora,OR051661.1
P. palmivora,OR051662.1
P. palmivora,OR051663.1
P. palmivora,OR051683.1
P. palmivora,OR051907.1
P. palmivora,OR051908.1
P. palmivora,OR051909.1
P. palmivora,OR051910.1
P. palmivora,OR051911.1
P. palmivora,OR051912.1
P. palmivora,OR051913.1
P. palmivora,OR051914.1
P. palmivora,OR051915.1
P. palmivora,OR051916.1
P. palmivora,OR051917.1
P. palmivora,OR051918.1
P. palmivora,OR051919.1
P. palmivora,OR051920.1
P. palmivora,OR051921.1
P. palmivora,OR051922.1
P. palmivora,OR051923.1
P. palmivora,OR051924.1
P. palmivora,OR052165.1
P. palmivora,OR284879.1
P. palmivora,OR294993.1
P. palmivora,OR295004.1
P. palmivora,OR295005.1
P. palmivora,OR295009.1
P. palmivora,OR295010.1
P. palmivora,OR295019.1
P. palmivora,OR295056.1
P. palmivora,OR427291.1
P. palmivora,OR427309.1
P. palmivora,OR584133.1
P. palmivora,OR655080.1
P. palmivora,OR655081.1
P. palmivora,OR655082.1
P. palmivora,OR655083.1
P. palmivora,OR655084.1
P. palmivora,OR655085.1
P. palmivora,OR655086.1
P. palmivora,OR655087.1
P. palmivora,OR655088.1
P. palmivora,OR655089.1
P. palmivora,OR655090.1
P. palmivora,OR655091.1
P. palmivora,OR655092.1
P. palmivora,OR655093.1
P. palmivora,OR655094.1
P. palmivora,OR655095.1
P. palmivora,OR655096.1
P. palmivora,OR655097.1
P. palmivora,OR655098.1
P. palmivora,OR655099.1
P. palmivora,OR655100.1
P. palmivora,OR655101.1
P. palmivora,OR655102.1
P. palmivora,OR669312.1
P. palmivora,OR711107.1
P. palmivora,OR731409.1
P. palmivora,OR731410.1
P. palmivora,OR754361.1
P. palmivora,OR883789.1
P. palmivora,OR883790.1
P. palmivora,OR917912.1
P. palmivora,PP064980.1
P. palmivora,PP064981.1
P. palmivora,PP064982.1
P. palmivora,PP064983.1
P. palmivora,PP064984.1
P. palmivora,PP064985.1
P. palmivora,PP064986.1
P. palmivora,PP067963.1
P. palmivora,PP067964.1
P. palmivora,PP210042.1
P. palmivora,PP255475.1
P. palmivora,PP266027.1
P. palmivora,PP267701.1
P. palmivora,PP506722.1
P. palmivora,PP594471.1
P. palmivora,PP594472.1
P. palmivora,PP783490.1
P. palmivora,PP783491.1
P. palmivora,PP783492.1
P. palmivora,PP783493.1
P. palmivora,PP989900.1
P. palmivora,PP989902.1
P. palmivora,PP989904.1
P. palmivora,PP990718.1
P. palmivora,PP990719.1
P. palmivora,PQ060229.1
P. palmivora,PQ060230.1
P. palmivora,PQ069660.1
P. palmivora,PQ069661.1
P. palmivora,PQ069662.1
P. palmivora,PQ069663.1
P. palmivora,PQ069664.1
P. palmivora,PQ069665.1
P. palmivora,PQ069666.1
P. palmivora,PQ069667.1
P. palmivora,PQ069668.1
P. palmivora,PQ069669.1
P. palmivora,PQ069670.1
P. palmivora,PQ069671.1
P. palmivora,PQ069672.1
P. palmivora,PQ069673.1
P. palmivora,PQ069674.1
P. palmivora,PQ069675.1
P. palmivora,PQ069676.1
P. palmivora,PQ069677.1
P. palmivora,PQ069678.1
P. palmivora,PQ069679.1
P. palmivora,PQ069680.1
P. palmivora,PQ069681.1
P. palmivora,PQ069682.1
P. palmivora,PQ069683.1
P. palmivora,PQ069684.1
P. palmivora,PQ069685.1
P. palmivora,PQ069686.1
P. palmivora,PQ069687.1
P. palmivora,PQ069688.1
P. palmivora,PQ069689.1
P. palmivora,PQ069690.1
P. palmivora,PQ069691.1
P. palmivora,PQ069692.1
P. palmivora,PQ069693.1
P. palmivora,PQ069694.1
P. palmivora,PQ069695.1
P. palmivora,PQ069696.1
P. palmivora,PQ069697.1
P. palmivora,PQ069698.1
P. palmivora,PQ135179.1
P. palmivora,PQ135180.1
P. palmivora,PQ163867.1
P. palmivora,PQ203303.1
P. palmivora,PQ203306.1
P. palmivora,PQ206311.1
P. palmivora,PQ206312.1
P. palmivora,PQ282500.1
P. palmivora,PQ282501.1
P. palmivora,PQ351259.1
P. palmivora,PQ351260.1
P. palmivora,PQ614906.1
P. palmivora,PQ615098.1
P. palmivora,PQ804159.1
P. palmivora,PQ869733.1
P. palmivora,PQ932531.1
P. palmivora,PQ932532.1
P. palmivora,PQ932533.1
P. palmivora,PQ932534.1
P. palmivora,PQ932535.1
P. palmivora,PQ932536.1
P. palmivora,PQ932537.1
P. palmivora,PQ932538.1
P. palmivora,PQ932539.1
P. palmivora,PQ932540.1
P. palmivora,PQ932541.1
P. palmivora,PQ932542.1
P. palmivora,PQ932543.1
P. palmivora,PQ932544.1
P. palmivora,PQ932545.1
P. palmivora,PQ932546.1
P. palmivora,PV639016.1
P. palmivora,PV639017.1
P. palmivora,PV776014.1
P. palmivora,PV777968.1
P. palmivora,PV777969.1
P. palmivora,PV931425.1
P. palmivora,PV931426.1
P. palmivora,PV931427.1
P. palmivora,PX446356.1
P. palmivora,PX548349.1
P. palmivora,PX567903.1
P. palmivora,PX567904.1
P. palmivora,PX682727.1
P. palmivora,PX682745.1
P. palmivora,PX688158.1
P. palmivora,PX736397.1
P. palmivora,PX931529.1
P. palmivora,PZ413504.1
P. palmivora,PZ413505.1
P. palmivora,PZ413506.1
